x1,x2,class_label
-2.142219,-1.033079,g
1.19323,-2.726961,i
-1.700872,1.143727,e
0.57794,2.17573,c
-2.700943,-0.005376,f
-2.331628,-1.493604,g
-0.326398,1.914137,d
0.456717,-3.208017,i
1.079384,2.098111,c
1.743683,1.609114,b
0.739466,-2.048984,i
-2.286559,2.096289,e
0.560194,1.379986,c
1.208172,3.340701,c
-1.60723,1.159445,e
-1.430763,-1.648381,g
-0.842151,-2.530253,h
2.460895,-1.978998,j
2.928145,0.040312,a
-2.346644,-0.812644,g
1.95089,0.201399,a
-1.570073,-2.101417,g
-0.98186,-2.688734,h
-2.538798,-0.068581,f
0.678963,2.395733,c
-1.327085,1.668015,e
1.851784,-0.874852,j
-0.72588,-2.310256,h
0.427601,3.398252,c
0.253923,1.850879,c
-2.536161,-1.130728,g
0.594381,2.045869,c
1.917744,-0.267629,a
0.670504,2.31333,c
-0.644323,1.175989,d
-2.042737,-1.182063,g
-2.397445,-1.912434,g
-2.582873,-0.206283,f
0.305578,2.524972,c
2.016051,-1.539723,j
1.195333,2.044123,c
-0.536437,-2.633453,h
0.389419,-2.07792,i
-2.550785,-0.093955,f
-2.691111,0.72053,f
-1.298028,-2.307682,g
-0.838739,2.759303,d
-0.047184,-2.31589,h
-2.174361,0.914981,e
-2.572053,1.0721,e
-0.845219,-2.201602,h
-1.654031,-1.6268,g
1.917029,2.126363,b
-0.580279,-2.340923,h
1.513044,-1.29184,j
-2.869936,1.676461,e
-1.996302,1.867425,e
-2.350261,0.748963,e
0.632762,-2.53647,i
-2.840271,-0.531231,f
-1.177667,-2.337058,h
0.912129,2.696667,c
0.667645,-2.50175,i
-2.894295,-0.329843,f
1.1245,2.396357,c
-2.57164,0.192518,f
1.735027,-1.490363,j
1.708315,1.795466,b
-0.583135,2.546834,d
0.80245,2.859097,c
-2.466382,-0.446061,f
-1.68966,1.114685,e
-2.183942,0.847853,e
1.012314,-2.366799,i
2.651478,-0.360974,a
-0.204548,-2.153789,h
-0.817371,-2.160396,h
2.287583,1.098705,b
2.210023,-1.369233,j
-2.151331,1.964977,e
-0.386454,2.901691,d
2.421013,1.508247,b
-1.483551,-2.045418,g
1.129729,2.996833,c
-1.992299,-2.19274,g
-2.311126,0.353188,f
-2.064773,-1.043133,g
-1.895715,0.080678,f
0.885153,-2.479205,i
0.307181,3.199178,c
3.162235,-0.186853,a
2.124092,0.021457,a
2.196443,1.071789,b
2.194496,-1.730047,j
-0.967096,-2.155392,h
0.421518,2.158324,c
-2.378222,-0.041035,f
2.230589,-1.75205,j
0.895619,-3.118731,i
1.873646,1.422067,b
1.202719,2.072129,c
2.194169,1.838751,b
1.549297,1.683942,b
-0.403724,-2.472524,h
2.117226,0.257828,a
0.824373,2.461072,c
-2.749179,0.214042,f
-2.519016,-1.209285,g
-2.708092,2.220951,e
-1.884909,1.131961,e
1.945673,1.426686,b
-2.245404,-1.348315,g
-2.738692,0.046845,f
-1.021557,-2.012426,h
1.213264,2.552465,c
-0.352959,-3.234089,h
0.826341,-1.288273,j
0.154037,2.992054,c
-3.117581,0.413733,f
-3.098525,-0.169174,f
-2.164237,1.430447,e
-1.927126,1.770101,e
2.230061,1.310656,b
-2.311852,-1.542704,g
2.32969,-1.997132,j
2.576086,-0.281684,a
2.849798,1.076956,a
1.437725,-2.386345,i
-2.287966,0.292702,f
1.603116,1.745706,b
2.442703,-1.651793,j
2.329904,1.628059,b
2.083988,-1.434506,j
-1.002044,2.744158,d
0.954743,-2.953852,i
-0.691228,-1.80769,h
-1.220131,2.05558,d
-1.247258,1.80999,e
-1.503391,2.722011,d
-1.143801,2.525243,d
1.908589,-0.977408,j
2.396545,-1.271994,j
2.664901,1.15097,b
1.370798,1.14294,b
-0.037185,3.050021,c
0.973925,1.835757,c
-1.795232,1.088195,e
-0.201676,-2.014314,h
2.20111,-0.076865,a
-0.031862,-1.79141,i
0.928461,2.313155,c
0.849384,-2.53469,i
2.351455,-0.321463,a
1.726875,1.304878,b
-1.194558,-2.272036,h
-1.370385,0.974879,e
-1.926961,1.889052,e
-1.310981,2.467439,d
-1.364113,-2.218449,h
1.60435,1.934417,b
2.494065,0.150218,a
-2.0185,-0.289261,f
1.520507,1.028281,b
-1.759551,-1.30647,g
-1.713173,1.553459,e
0.622258,-2.096474,i
-2.395883,1.491135,e
2.537834,1.694846,b
-1.40256,1.906575,e
1.302643,2.52989,c
-2.033487,1.58268,e
-1.032919,-2.094456,h
-0.570264,-2.781457,h
2.423767,1.31729,b
-0.446226,-2.550349,h
1.904135,0.860177,b
-2.403388,0.217656,f
1.900904,2.356298,c
2.241202,0.279611,a
1.914611,-1.336861,j
1.92819,-2.012494,j
2.178932,-0.385249,a
-1.068995,2.306552,d
-2.549301,1.871279,e
1.961,1.541139,b
0.972388,-2.350095,i
0.51424,2.976406,c
2.552296,-0.028567,a
-2.73585,0.157835,f
0.744655,-1.627359,i
-2.026048,-2.071038,g
0.628542,-2.903748,i
-1.120727,2.035827,d
-0.702126,2.286379,d
-2.078374,1.304926,e
1.880784,1.239227,b
0.947969,3.027151,c
-2.347431,-1.133169,g
1.198874,2.326677,c
-1.722053,-1.737214,g
1.894659,-1.825666,j
1.479219,-2.094053,i
-1.904148,-1.456234,g
-1.604468,1.518028,e
-1.978043,-2.465821,g
2.477146,-2.399591,j
1.02265,2.690081,c
0.928869,-2.609885,i
-2.465113,0.118938,f
2.191015,-0.285013,a
1.581462,-2.635282,i
-1.300955,2.612696,d
-2.158613,-0.275689,f
-2.520839,0.203247,f
2.759062,-0.883004,a
-1.23145,1.647524,d
-0.459741,2.465299,d
-2.096296,-2.102759,g
2.732683,0.331848,a
0.319814,-1.64535,i
1.501018,1.422798,b
-1.009305,2.226285,d
-2.611451,1.58215,e
-0.070797,-1.836163,h
0.397138,2.974026,c
-0.175868,2.831756,d
-1.94017,-1.12841,g
2.195055,-0.536432,a
1.786453,-1.558139,j
2.481193,1.353031,b
1.957194,1.65962,b
0.357738,2.123364,c
1.224407,2.867626,c
0.665089,-2.267129,i
-0.560762,-2.408272,h
-1.761132,1.924298,e
2.567786,0.090632,a
-0.646264,-2.108112,h
-1.040176,2.019788,d
-2.890931,-1.264361,g
2.534096,-1.622275,j
-1.893636,-1.632182,g
-0.944509,-2.769091,h
1.970375,1.414841,b
-0.768336,-3.077635,h
-2.288705,1.454754,e
0.851534,-2.335405,i
-1.750029,-1.606665,g
-1.848728,-0.208606,f
2.53906,0.262087,a
-1.022251,-1.961539,h
-1.999137,-1.270916,g
2.098273,1.955391,b
1.644124,-2.726204,i
-1.21301,2.566834,d
-2.660689,-0.054961,f
-1.472976,1.169299,e
1.373798,2.04737,c
-1.645228,-1.710152,g
-0.795936,2.221065,d
-0.204002,3.166631,d
-2.401843,0.089953,f
2.096116,-1.479384,j
1.003957,2.472647,c
2.353881,1.732031,b
0.938981,1.632417,c
-0.752871,2.439752,d
-2.116921,2.043929,e
1.041178,-1.954747,i
-2.266384,0.110317,f
2.42222,-0.080909,a
-1.926248,0.269172,f
0.888274,-2.492557,i
-0.507981,-1.982359,h
2.272703,-1.166088,j
-1.002917,-3.062592,h
-1.918241,1.393123,e
0.540538,2.585235,c
-2.079758,1.673474,e
-2.053974,1.231234,e
-1.860095,-1.404847,g
-1.623726,-2.565317,h
-1.599552,1.657307,e
1.612469,-1.896206,j
-1.886196,-1.63669,g
-2.440458,1.611756,e
-0.398292,-2.657881,h
3.114751,0.220615,a
-1.603036,2.623584,d
1.710684,1.847589,b
0.347982,-2.469669,i
2.22982,0.129985,a
0.428405,-2.201043,i
-0.485219,2.324148,d
-2.402005,1.388221,e
1.20934,-2.886257,i
1.94915,-0.205895,a
-0.866253,1.491958,d
1.214335,-2.517531,i
0.71413,2.043522,c
0.842208,-2.887423,i
-0.369232,2.511647,d
-2.847799,1.229537,e
1.258361,-1.060356,j
-3.027623,0.414386,f
-1.644071,-2.600546,h
0.210426,2.350353,c
-0.995991,-2.289438,h
-2.083813,-0.060779,f
2.361503,0.512847,b
2.286123,-0.102276,a
0.782653,2.698676,c
-2.672308,0.638056,f
0.586339,2.249888,c
0.346477,-2.068135,h
-2.113694,2.068461,e
2.188434,2.0188,b
-0.87059,-3.094077,h
-1.439586,2.528431,d
-2.010028,1.137847,e
2.564012,0.348736,a
-2.823923,-1.605234,g
-2.681132,-0.602729,f
2.964212,0.993653,b
2.182861,-0.057353,a
-2.223572,-0.963284,g
2.501592,0.375133,a
0.970023,-2.620056,i
2.730268,-0.450677,a
1.058942,-1.105028,j
2.238499,0.0846,a
0.278906,2.326288,c
1.784822,1.662448,b
3.179943,-0.448771,a
-1.965863,-1.468594,g
-0.636275,-1.518336,h
-1.783365,1.352839,e
-1.769949,1.481343,e
-1.912852,-1.285842,g
2.303977,-0.143291,a
-1.877406,-1.590464,g
-2.559812,-1.560387,g
-1.132837,2.168551,d
-0.874765,-3.123903,h
1.871371,1.15895,b
1.043121,-2.004474,i
-2.109546,1.003423,e
0.228232,1.874861,c
-1.960953,1.143372,e
2.09885,1.634974,b
-1.109952,2.329604,d
2.31538,-0.362039,a
1.690268,1.711823,b
0.393136,2.361967,c
-2.072736,-1.916913,g
-1.611282,-3.102074,h
0.345191,-2.70949,i
1.052039,2.092965,c
0.227747,-2.329938,i
-2.547404,-0.383792,f
0.683,1.851745,c
1.471313,1.711389,b
2.533052,-0.354798,a
2.651912,-1.486898,j
2.527715,-0.95879,j
-2.138375,-1.000732,g
-0.943769,2.267861,d
-1.813808,1.611806,d
1.391368,2.523567,c
2.651584,0.198182,a
0.54012,2.326255,c
2.706098,0.112049,a
2.90307,0.033178,a
-2.693498,0.036871,f
-1.869536,-1.262152,g
-2.427375,-1.156175,g
0.239996,2.426708,c
2.428712,-1.382096,j
3.163304,-0.493088,a
-1.896245,-2.162755,g
2.373331,1.26865,b
0.692724,2.428893,c
1.872848,-1.517438,j
-2.214297,1.614123,e
0.391811,-2.505979,i
3.228383,-1.536069,j
1.787175,-0.204934,a
-2.08145,1.064273,e
-0.557261,2.073146,c
-2.313986,-0.397878,f
2.830922,-0.091244,a
-2.158325,-0.728833,g
-2.039811,-1.779075,g
2.133533,-1.746213,j
1.912346,-0.445562,a
-2.936255,0.286514,f
2.125681,-0.034983,a
-1.181365,2.597076,d
3.254737,0.25706,a
-0.375525,-2.574809,h
0.918921,-2.951899,i
2.605537,-0.418887,a
1.639665,0.65928,a
-1.436384,2.228138,d
-1.905325,-1.375199,g
1.965856,0.333431,a
-2.272356,0.010279,f
2.266934,-1.870312,j
-1.582707,2.576699,e
-0.692202,2.483965,d
2.110341,0.513471,b
2.352241,1.265464,b
1.931694,-1.872691,j
0.628264,-2.119841,i
3.216239,0.393419,a
0.688693,-2.690408,i
1.799837,-1.176311,j
-0.723115,-2.589687,h
-0.659379,-2.818147,h
1.578904,-1.520944,j
0.992217,2.175931,c
-1.888817,1.082084,e
-0.017262,2.134561,c
2.715139,0.699617,a
-2.352629,2.2218,e
1.374136,2.859751,c
-1.43674,1.346991,e
2.04579,0.664151,a
-0.998844,-1.927462,h
0.995416,2.315663,c
-2.354919,2.002359,e
-2.201871,1.73719,e
1.409522,1.40611,b
-1.829121,0.443502,f
-0.373759,2.265281,d
2.258865,-0.859346,j
-0.742752,1.854673,d
-1.878162,-1.141668,g
1.952561,0.065129,a
2.500225,-2.044873,j
-1.453735,-1.402116,g
1.425281,-1.75828,i
-1.302703,2.061718,d
1.834604,-1.216008,j
2.012301,-1.728332,j
0.146241,2.791954,c
2.298901,-0.176633,a
0.843994,1.996537,c
0.666301,-2.565934,i
-1.915145,1.519919,e
-1.723986,-1.201373,g
-2.633618,0.755872,f
1.692199,1.695432,b
0.067374,1.751111,d
-2.519999,-0.692544,f
1.41872,-1.254553,j
-2.276577,0.538663,f
-2.893667,0.48232,f
2.475039,-0.763574,j
0.880039,1.92247,c
-0.985959,2.90413,d
1.357897,2.067416,c
1.787728,1.786373,b
-2.777478,0.347216,f
-0.833611,-2.708231,h
2.038641,-1.058041,j
1.167086,-2.358502,i
-2.288835,-0.343919,f
0.216119,-2.429521,i
-1.42787,-2.375279,h
2.281603,-0.346024,a
2.201937,1.10763,b
-2.007531,1.263887,e
-0.780162,2.672458,d
1.265309,-2.026027,j
2.179934,2.266343,b
-0.712939,2.759978,d
-1.563639,-1.954237,h
0.553946,2.59207,d
-1.663155,0.781934,f
1.442431,1.874212,c
-1.665962,-1.950927,g
-1.500952,2.540704,d
-0.413764,-2.263487,h
-1.604762,1.349663,e
1.288653,-2.734578,i
-0.674571,2.614012,d
-1.993915,1.882202,e
2.985468,-0.796877,j
2.482839,-1.179402,j
2.010891,-0.720409,j
1.55931,1.401108,b
-0.31686,-2.147809,h
-1.80409,-1.899389,g
-1.381769,-1.639404,g
0.63183,-2.45051,i
0.630627,-2.698103,i
1.290548,-1.206146,j
2.55265,-0.251386,j
0.91348,2.627441,c
2.064366,0.545637,a
2.083003,0.407481,b
0.969592,2.825842,c
-2.159712,1.548452,e
-1.896543,1.697667,e
1.225958,-2.217768,j
-1.004197,-2.764883,h
-1.942785,1.517345,e
0.635051,-1.976835,i
-1.496229,0.051155,f
-2.186862,0.233481,f
-0.495649,2.11592,d
0.978973,-2.062219,i
-2.203513,0.29207,f
-0.274995,2.42605,d
-2.376733,-1.403012,g
-1.03254,-2.762266,h
-2.239874,1.665504,e
0.889707,2.599088,c
-1.764356,0.551466,f
-1.615068,-0.021384,f
-1.504438,-0.085544,f
-2.409752,1.056083,e
2.185825,-0.199237,j
-1.488257,1.476082,e
-2.287929,-2.315539,g
-2.080747,0.094413,f
0.392722,1.563986,c
3.51526,0.027508,a
1.627269,2.019293,b
-1.13734,2.085841,d
2.460013,-0.272002,a
0.804733,2.218824,c
-0.848069,-2.314388,h
-2.208075,0.631231,f
0.709852,-2.065404,i
2.151183,-0.80588,j
2.60357,1.667712,b
2.056131,1.775545,b
-0.027296,2.499384,c
-1.52583,-0.097327,f
1.340207,2.335418,c
2.216959,1.421169,b
-2.701171,0.307126,f
2.326664,-0.08239,a
-1.614194,-1.675202,g
0.972188,-2.82294,i
2.141579,-2.175582,j
1.763294,-0.607441,j
-2.080868,0.461553,f
1.727468,1.045492,b
2.354379,-1.181983,j
1.06279,2.307893,c
1.122035,-2.288003,i
2.306039,-1.555292,j
-2.833981,0.975689,e
-0.494073,3.04066,d
0.960416,1.378344,c
-1.462467,1.434479,e
0.099215,2.69238,c
2.009603,1.130364,b
0.207354,-2.557528,i
-2.116058,-2.012309,g
-1.082882,2.617907,d
-2.046565,-1.274552,g
0.164746,-2.846439,i
0.701784,2.709701,c
2.382557,1.311881,b
2.452157,1.767748,b
2.440964,-0.587907,a
-0.681494,2.535427,d
2.3612,-0.074089,a
-0.290264,-1.959016,h
-0.478776,2.229616,d
1.750384,1.08641,b
2.048724,-1.84564,j
2.47239,0.60095,a
-2.535114,-0.483795,f
-1.188764,2.071761,d
2.001208,-2.109714,j
0.116304,-1.815494,h
2.157815,-1.013038,a
2.827922,0.690164,a
-0.735716,2.166766,d
-0.268682,1.827707,d
1.594628,-1.658702,j
-2.756049,0.085916,f
-2.521587,-1.919741,g
-2.517107,-1.542062,g
-2.547263,-1.271996,g
-1.307869,2.824367,d
1.940496,-0.633135,j
2.219637,-1.087335,j
-1.108578,-1.634363,g
-2.194296,-0.599681,f
-1.707359,-1.410247,g
1.970113,1.354019,b
0.412652,2.14917,c
2.134553,-2.158905,j
-1.863784,-1.351896,g
-2.638425,0.697623,f
0.131385,-2.342546,i
-1.653806,-2.429755,g
2.492123,0.404077,a
0.884521,1.954876,c
-0.647365,2.567447,d
-2.057239,-2.17,g
0.979557,1.52048,b
-0.317128,-1.886389,h
-1.779906,0.816252,e
-2.301668,-0.109115,f
-0.3527,-1.953731,h
0.529474,-2.205363,i
2.402482,0.363774,a
-1.333586,2.513987,d
-2.502654,-1.008882,g
2.725908,-1.83673,j
-1.723224,-0.693423,g
2.292295,-1.512423,j
1.002861,2.808413,c
-0.477584,-2.74129,h
-2.446151,-0.824378,f
0.239409,2.471661,d
2.344017,1.004436,b
0.639794,-2.840143,i
1.683126,-0.118129,a
-1.114499,-1.952854,h
-1.598949,-2.070955,h
-1.611214,-1.405934,g
2.01776,1.53837,b
1.280643,-2.349368,i
0.542067,-2.80159,i
-1.951887,1.568902,e
-0.711752,-1.629603,h
-1.395074,2.545503,d
-2.087161,-0.43086,f
-1.662469,-1.869613,g
0.935989,-2.482187,i
-1.165742,-2.497675,h
-2.282397,0.283944,f
-1.466899,2.10075,d
-0.553188,2.32921,d
-1.979713,-0.056636,f
1.697243,1.058711,b
-1.75489,1.240494,e
-1.729441,1.421896,e
1.494977,1.418685,b
2.397047,-1.881195,j
1.84123,0.90761,b
-1.899354,1.423231,e
-1.771771,0.089285,f
-0.266503,2.626605,d
0.465771,-2.372822,i
-1.690407,1.254587,e
-1.86624,-0.776838,g
-0.936021,-2.276772,h
2.133829,-1.014917,j
-1.922129,1.258551,e
-0.985758,-2.075314,h
1.822687,1.2353,b
1.928301,-1.447473,j
-2.240711,-1.062566,g
-2.430124,-0.44792,f
0.895477,2.009689,b
0.556126,1.808377,c
-1.048776,2.547422,d
-2.051169,-1.794266,g
1.650896,1.747748,b
0.902131,1.517093,c
-2.566459,-0.798891,f
0.623631,2.160024,c
-0.563565,2.683844,d
1.617901,-0.142875,a
-1.622924,-1.837844,g
-2.804868,0.379986,f
-1.269451,-1.716214,g
1.856806,-1.958794,j
0.363146,-2.278906,i
-2.205063,0.457837,e
-1.472006,2.696833,d
2.654335,-0.479501,a
3.348908,-0.068565,a
0.030716,-1.791154,i
1.551791,-1.242702,j
2.433703,-1.62079,j
1.832319,1.445814,b
1.69776,-1.266622,j
2.731661,0.027033,a
2.40722,1.262876,b
0.801082,2.05448,c
-2.091297,-1.505193,g
1.916071,1.708491,b
-1.975179,-1.644089,g
-1.661845,1.688656,e
-2.286111,-2.001515,g
1.019913,-0.633708,j
2.737528,-0.277096,a
-2.62423,0.651365,f
-1.553424,-2.658834,h
-0.955372,-2.752777,h
-1.426011,2.566365,d
-1.25694,-2.549383,h
1.65153,-1.626907,j
-2.697772,-1.010809,g
1.666371,-2.877939,i
0.698422,-2.322906,i
-0.876029,2.257694,d
-2.098958,-1.667805,g
1.953436,1.314091,b
-0.09701,-1.136124,h
0.066282,-2.156779,h
0.386191,2.427329,c
-1.320657,2.363669,d
-2.27284,1.27126,e
0.84185,2.183811,c
-0.655456,2.232307,d
1.511812,1.379391,b
0.830937,-2.288163,i
0.839011,2.481459,c
2.882022,0.030692,a
2.119449,0.337476,a
1.599151,2.706412,c
-0.41783,-2.662528,h
1.715838,-1.222046,j
-2.024612,1.613159,e
-2.824015,-1.483663,g
-0.794143,3.198899,d
1.43097,-1.257576,j
-2.771836,-0.018163,f
0.50138,-2.911132,i
0.348699,-3.29462,i
-0.578136,2.231202,d
1.69672,2.388703,c
-3.276298,0.284456,f
-0.638612,-1.778448,h
-3.01885,-0.329002,f
-1.125724,2.598844,d
-1.787782,1.691103,e
3.076613,-0.140978,a
1.523511,-1.324972,j
2.570501,-2.255299,j
-2.645042,-0.87661,f
-2.08771,1.075583,e
1.234503,-2.335394,i
-1.361676,1.667103,e
2.1454,1.246438,b
2.037837,-0.9119,j
1.95025,-1.257276,j
2.677531,-0.52654,a
-0.284637,-2.559138,h
0.824573,2.727648,c
-0.103897,-2.941004,h
-1.629871,1.475244,e
1.400691,-2.102173,i
-1.496977,-2.039753,h
0.559832,-2.096861,i
0.593764,-2.558056,i
-0.96737,2.342948,d
-2.442789,-1.242391,g
1.523339,-1.617237,i
-1.700508,1.634333,e
2.417373,-1.664495,j
-2.777611,1.819259,e
-0.464009,2.074959,d
0.284163,2.705537,c
0.617148,-2.529611,i
-0.884697,-2.271609,h
-1.051499,2.610512,d
0.832982,-2.4998,i
-1.940199,2.006485,e
2.644369,-0.093884,a
-2.900649,0.002738,f
1.70999,-0.344327,a
-0.555115,2.261628,d
-0.885835,2.51954,d
-1.645111,-0.290659,f
-2.102822,1.029968,e
-1.352309,2.244665,d
2.238258,-1.476349,j
-1.199611,-2.664948,h
0.478447,-2.565692,i
-3.528015,0.528536,f
1.424699,-1.347996,j
-2.506549,2.043134,e
2.788368,-1.154411,j
1.901114,-1.131703,j
2.954466,-0.606526,a
-1.318268,-0.868473,g
1.491974,-2.980411,i
2.075584,1.863012,b
1.363974,2.038883,b
-1.954041,-0.600033,f
-2.452887,0.126332,f
1.250072,1.848886,c
-2.474837,1.7299,e
2.732926,-0.182933,a
2.945603,1.533913,b
-0.843569,-2.438402,h
-0.587809,-2.437382,h
1.883194,1.643487,b
0.903945,-2.970297,i
-1.117677,-1.882804,h
1.137903,-2.04029,i
-1.150796,-2.978451,h
0.497654,-2.351479,i
0.657909,2.02513,c
-1.189919,2.713396,d
2.618071,-0.441719,a
2.958026,0.394175,a
-2.137745,-1.658291,g
0.877131,-2.319248,i
-0.557912,-2.322714,h
1.29594,2.035653,c
2.363755,-0.283872,a
-2.029109,0.059603,f
-2.049344,-0.436838,f
-2.585574,-0.175746,f
-2.455429,0.522882,f
0.817676,-2.346078,i
-0.635147,-2.467246,h
-0.3211,2.175707,d
1.010723,0.521926,b
-0.772949,-2.775439,h
0.277356,2.544058,c
-2.310942,0.792294,e
2.961372,-1.220786,j
1.420532,-2.549162,i
2.370592,-0.2647,a
-0.800928,-3.07987,h
-2.834601,0.504333,f
3.172519,0.630585,a
2.561077,-0.112169,a
0.629219,-3.195561,i
0.64594,2.483512,c
-0.643149,-2.450813,h
-1.879143,-1.441356,g
-2.018286,-1.206063,g
3.02149,0.140934,a
2.664286,0.330403,a
-2.519828,1.313176,e
1.490951,1.238722,b
0.065801,-3.042722,h
1.695455,0.954632,b
-1.920937,-2.250702,g
-0.625831,-2.481268,h
2.041186,-1.389129,j
1.99168,0.206775,a
2.729082,-0.222483,a
2.359041,0.576844,a
1.126422,-2.197712,i
-1.908797,0.080521,f
0.682712,2.512149,c
-0.385847,-1.884696,h
-1.079207,3.005292,d
-2.10351,0.281095,f
0.340812,-2.355237,i
-1.177165,-2.460738,h
2.506208,1.142721,b
0.511962,-2.284179,i
-0.420059,2.103884,d
-2.574152,0.031213,f
0.58837,-2.01085,i
2.512575,1.521409,b
-2.476426,0.082001,f
-1.884749,-1.327124,g
0.874262,-2.217036,i
-1.310537,-2.830986,h
-2.115663,-1.398141,g
0.694983,2.761451,c
-2.505193,1.746515,e
-2.399669,-0.578891,f
-1.114352,2.029671,d
2.335004,-1.030748,j
1.047076,2.284037,c
-1.168247,-2.210746,h
2.807449,-0.109246,a
-1.226112,2.308313,d
-1.743567,-2.087921,g
-1.741585,-2.271504,g
1.294517,-2.306457,i
-0.364154,2.092254,d
-1.407887,2.482957,d
-2.492261,1.385057,e
-1.23521,1.675708,d
-0.609705,-1.961734,h
-1.65972,-1.107347,g
1.297113,-1.993921,i
-2.155221,0.727991,f
1.945953,1.799167,b
1.615689,-2.706465,i
1.88907,-1.346653,j
-2.449868,-1.175627,g
-1.507885,1.820684,e
2.020318,-1.283574,j
-2.863047,-0.486368,f
-1.952513,-0.242725,f
-2.095901,1.079412,e
0.609589,-2.11401,i
1.390129,-1.208551,i
-1.890085,-0.092992,f
1.515766,-2.036762,j
2.381605,-1.957014,j
1.773895,1.298411,b
-0.74203,-2.451218,h
2.162814,1.843192,b
-0.803103,1.927739,d
-2.396982,-0.206924,f
-2.415989,-1.21459,g
2.912764,-0.176592,a
-0.081359,2.311157,c
-0.798898,3.196878,d
-2.265414,-1.454799,g
2.348187,0.270117,a
-1.866065,0.910576,e
0.702188,2.053028,c
-1.165667,-1.614763,g
-1.131466,-1.919684,h
2.422766,-1.608453,j
2.601393,0.076044,a
1.301557,-2.597765,i
1.399578,1.454625,b
0.684649,-2.461002,i
2.009201,-2.232705,j
-0.305438,2.363189,d
-1.89551,0.176414,f
2.123757,1.446359,b
-2.080813,-1.384355,g
-0.186278,2.819945,c
-0.737241,2.901506,d
1.639887,-1.981124,j
2.67225,-1.366781,j
-3.09764,0.246931,f
2.541425,0.993732,b
2.482243,1.614092,b
-0.776565,-1.974438,h
2.131969,2.132343,b
0.666441,2.182407,c
-1.862345,1.000166,e
2.124408,1.530982,b
2.09961,0.281673,a
1.510779,0.93869,b
2.032637,2.043057,b
1.50462,-1.798048,j
-1.761822,-1.457603,g
1.114102,2.503667,c
2.022681,-1.022722,j
0.494979,2.268385,c
2.32594,1.089248,b
1.662509,-1.298495,j
-0.811411,-2.447908,h
2.382471,0.041401,a
-0.948998,2.604054,d
-2.748793,0.515137,f
0.796858,-2.402708,i
1.49964,2.625427,c
-1.427597,2.687046,d
-0.968147,1.881581,d
2.601582,0.077018,a
-0.81457,-2.75752,h
2.342777,1.208145,b
3.203928,0.452808,a
-1.231472,-2.616152,h
-1.226698,-2.528776,h
1.247162,1.898126,b
-1.498034,-1.380171,g
-3.292866,-0.32147,f
-0.738889,1.981823,d
1.812286,-1.130386,j
2.349847,0.337774,a
0.978671,-2.176806,i
-0.66106,2.450807,d
-2.512616,1.920587,e
0.035833,-2.618035,i
0.423072,-2.074816,i
1.239112,-1.49585,j
-1.311185,1.785879,d
-1.490264,1.690833,e
1.555586,-3.111813,i
-1.662153,-1.882366,g
2.134299,2.110134,b
-0.692095,2.297873,d
2.965795,1.5456,b
2.698019,-0.230595,a
-0.202919,-2.469704,h
2.871243,-0.345647,a
-1.001109,1.883902,d
-2.168307,-0.79107,f
2.451635,1.372786,b
3.02557,1.265986,b
-1.358068,-2.671444,h
-2.572329,1.619241,e
2.362424,-1.294974,j
-1.96927,-1.307486,g
-2.295215,0.132078,f
-2.085896,1.356179,e
-0.941687,-2.551864,h
-1.670586,-1.602003,g
-2.203391,1.377322,e
-1.784834,1.298002,e
-0.816064,-1.888204,h
